"cdur","vdur","place","stress","prevowel","posvowel","wordpos","wordfreq","speechrate","sex","speaker"
"1",155,67,"Velar","Unstressed","a","o","Initial",106,5,"Female","s01"
"2",144,63,"Velar","Post-Tonic","i","o","Initial",106,7,"Female","s01"
"3",134,43,"Dental","Unstressed","i","a","Medial",3793,5,"Female","s01"
"4",138,59,"Dental","Post-Tonic","i","a","Medial",60,6.24090301,"Female","s01"
"5",165,64,"Velar","Tonic","e","a","Initial",2792,8,"Female","s01"
"6",183,62,"Dental","Post-Tonic","i","o","Medial",2613,3,"Female","s01"
"7",129,54,"Dental","Post-Tonic","u","a","Medial",4814,6,"Female","s01"
"8",150,66,"Bilabial","Post-Tonic","a","i","Medial",8109,4,"Female","s01"
"9",151,50,"Dental","Unstressed","o","u","Initial",1182,6,"Female","s01"
"10",129,77,"Dental","Tonic","o","e","Medial",965,5,"Female","s01"
"11",240,124,"Velar","Post-Tonic","e","a","Medial",965,5,"Female","s01"
"12",140,44,"Bilabial","Tonic","o","o","Initial",92205,4,"Female","s01"
"13",197,63,"Velar","Tonic","a","e","Medial",11983,6,"Female","s01"
"14",146,54,"Dental","Post-Tonic","i","o","Medial",2613,6.485661686,"Female","s01"
"15",168,56,"Velar","Tonic","a","o","Initial",16638,4.592251271,"Female","s01"
"16",169,82,"Velar","Tonic","i","o","Initial",8312,5,"Female","s01"
"17",122,66,"Bilabial","Unstressed","a","i","Medial",29220,4,"Female","s01"
"18",131,56,"Bilabial","Post-Tonic","i","i","Medial",732,5,"Female","s01"
"19",119,76,"Velar","Unstressed","i","a","Medial",732,5,"Female","s01"
"20",137,58,"Dental","Unstressed","e","u","Initial",2098,6,"Female","s01"
"21",186,119,"Velar","Unstressed","i","o","Medial",2098,5.445348316,"Female","s01"
"22",134,73,"Dental","Post-Tonic","u","o","Medial",30011,3,"Female","s01"
"23",129,75,"Dental","Tonic","a","o","Medial",598,5.914654986,"Female","s01"
"24",122,26,"Velar","Unstressed","o","e","Initial",18827,6,"Female","s01"
"25",97,41,"Dental","Post-Tonic","u","o","Medial",30011,5.408724052,"Female","s01"
"26",121,10,"Dental","Tonic","a","o","Medial",598,7,"Female","s01"
"27",119,35,"Velar","Post-Tonic","o","o","Medial",92205,5,"Female","s01"
"28",197,33,"Dental","Tonic","a","i","Medial",142,6,"Female","s01"
"29",130,59,"Dental","Unstressed","a","e","Initial",8277,7,"Female","s01"
"30",150,79,"Bilabial","Unstressed","i","a","Medial",1,6,"Female","s01"
"31",163,89,"Bilabial","Unstressed","e","a","Initial",15928,6,"Female","s01"
"32",164,76,"Dental","Post-Tonic","o","e","Initial",8899,5,"Female","s01"
"33",146,83,"Bilabial","Unstressed","e","a","Initial",15928,6,"Female","s01"
"34",155,74,"Bilabial","Post-Tonic","o","a","Medial",29170,6,"Female","s01"
"35",116,63,"Dental","Unstressed","e","e","Medial",6434,5,"Female","s01"
"36",168,69,"Bilabial","Unstressed","e","o","Medial",5372,7,"Female","s01"
"37",137,74,"Velar","Tonic","i","a","Medial",21,5,"Female","s01"
"38",149,74,"Dental","Tonic","e","i","Medial",1321,7,"Female","s01"
"39",113,59,"Velar","Post-Tonic","e","a","Medial",855,6,"Female","s01"
"40",159,72,"Dental","Tonic","a","e","Medial",1,5,"Female","s02"
"41",136,95,"Bilabial","Tonic","a","e","Initial",12272,5,"Female","s02"
"42",157,101,"Velar","Unstressed","i","o","Medial",708,5,"Female","s02"
"43",128,58,"Velar","Unstressed","i","e","Initial",663,5,"Female","s02"
"44",133,63,"Velar","Tonic","u","a","Initial",85063,7,"Female","s02"
"45",180,110,"Dental","Tonic","i","a","Medial",29220,4,"Female","s02"
"46",173,93,"Bilabial","Tonic","o","i","Medial",510,5,"Female","s02"
"47",121,53,"Velar","Unstressed","o","a","Initial",12353,5,"Female","s02"
"48",108,56,"Bilabial","Tonic","e","a","Initial",23502,8,"Female","s02"
"49",173,115,"Dental","Post-Tonic","i","a","Medial",142,4,"Female","s02"
"50",125,46,"Velar","Tonic","a","o","Initial",16638,4.748106093,"Female","s02"
"51",175,50,"Velar","Post-Tonic","a","o","Initial",8,7,"Female","s02"
"52",175,80,"Velar","Tonic","o","i","Medial",2124,5.623726888,"Female","s02"
"53",130,62,"Dental","Unstressed","a","e","Initial",58028,6,"Female","s02"
"54",83,38,"Bilabial","Unstressed","e","a","Initial",24047,7,"Female","s02"
"55",122,29,"Bilabial","Post-Tonic","i","e","Initial",1018,7,"Female","s02"
"56",132,76,"Dental","Post-Tonic","u","o","Medial",30011,4,"Female","s02"
"57",136,72,"Dental","Post-Tonic","u","o","Medial",30011,5,"Female","s02"
"58",144,56,"Dental","Unstressed","a","e","Initial",8899,7,"Female","s02"
"59",179,110,"Bilabial","Unstressed","e","e","Initial",19606,6,"Female","s02"
"60",113,47,"Dental","Post-Tonic","i","e","Medial",19606,6,"Female","s02"
"61",130,68,"Dental","Tonic","a","o","Medial",421,7,"Female","s02"
"62",108,52,"Bilabial","Post-Tonic","i","e","Initial",7923,6,"Female","s02"
"63",130,74,"Bilabial","Unstressed","o","o","Initial",39796,6,"Female","s02"
"64",103,54,"Dental","Post-Tonic","u","o","Medial",30011,7,"Female","s02"
"65",123,83,"Dental","Unstressed","i","e","Initial",15430,3,"Female","s02"
"66",158,98,"Dental","Post-Tonic","e","e","Medial",20483,4,"Female","s02"
"67",113,56,"Dental","Post-Tonic","e","e","Medial",20483,5.720408406,"Female","s02"
"68",103,42,"Velar","Unstressed","e","o","Initial",2106,6,"Female","s02"
"69",131,75,"Velar","Tonic","e","e","Initial",9228,7.408116117,"Female","s02"
"70",129,65,"Dental","Tonic","a","u","Medial",889,7,"Female","s02"
"71",136,74,"Dental","Tonic","a","u","Medial",889,5,"Female","s02"
"72",140,83,"Bilabial","Post-Tonic","o","a","Medial",29170,6,"Female","s02"
"73",126,63,"Dental","Unstressed","a","e","Medial",26298,4,"Female","s02"
"74",205,95,"Bilabial","Unstressed","o","u","Initial",4137,8,"Female","s02"
"75",145,59,"Velar","Tonic","e","e","Initial",23599,5,"Female","s02"
"76",123,59,"Bilabial","Post-Tonic","a","e","Initial",4722,5.5216126,"Female","s02"
"77",188,80,"Dental","Unstressed","i","o","Medial",8188,4,"Female","s02"
"78",141,70,"Velar","Unstressed","o","e","Initial",18827,7,"Female","s02"
"79",155,90,"Velar","Post-Tonic","o","o","Medial",92205,4.228537363,"Female","s02"
"80",127,63,"Velar","Post-Tonic","a","e","Initial",9863,6,"Female","s02"
"81",148,72,"Velar","Post-Tonic","i","o","Medial",332,4,"Female","s02"
"82",121,61,"Velar","Post-Tonic","o","e","Initial",18827,5,"Female","s02"
"83",127,51,"Bilabial","Unstressed","e","o","Initial",39796,7,"Female","s02"
"84",118,89,"Bilabial","Tonic","e","o","Medial",7474,6,"Female","s02"
"85",123,69,"Velar","Post-Tonic","e","a","Medial",631,4,"Female","s03"
"86",128,50,"Bilabial","Post-Tonic","u","e","Medial",573,7,"Female","s03"
"87",105,57,"Velar","Post-Tonic","o","o","Medial",92205,7,"Female","s03"
"88",145,46,"Velar","Tonic","a","i","Medial",66820,6.710615219,"Female","s03"
"89",126,56,"Velar","Tonic","o","o","Initial",889,6,"Female","s03"
"90",172,92,"Dental","Tonic","u","i","Medial",1,8,"Female","s03"
"91",125,60,"Bilabial","Post-Tonic","a","a","Medial",3899,6,"Female","s03"
"92",117,27,"Dental","Post-Tonic","u","a","Medial",4814,5,"Female","s03"
"93",155,90,"Bilabial","Post-Tonic","u","e","Medial",1293,4,"Female","s03"
"94",131,34,"Bilabial","Post-Tonic","i","i","Medial",2184,4.172688848,"Female","s03"
"95",126,54,"Dental","Post-Tonic","i","o","Medial",30,7,"Female","s03"
"96",162,96,"Velar","Tonic","e","i","Medial",38214,5,"Female","s03"
"97",168,86,"Bilabial","Post-Tonic","i","o","Medial",38214,4,"Female","s03"
"98",152,102,"Bilabial","Unstressed","o","i","Medial",3,5.944664869,"Female","s03"
"99",165,97,"Velar","Tonic","e","a","Initial",14904,5,"Female","s03"
"100",142,64,"Bilabial","Unstressed","i","e","Initial",2466,6,"Female","s03"
"101",139,74,"Dental","Post-Tonic","e","o","Medial",1,6,"Female","s03"
"102",164,84,"Velar","Tonic","a","o","Initial",16638,5,"Female","s03"
"103",143,68,"Bilabial","Tonic","a","e","Initial",12272,4,"Female","s03"
"104",146,53,"Dental","Tonic","a","e","Initial",32413,7,"Female","s03"
"105",172,86,"Dental","Tonic","o","i","Initial",7095,5.045246846,"Female","s03"
"106",136,69,"Bilabial","Unstressed","a","i","Initial",161,6,"Female","s03"
"107",129,50,"Bilabial","Tonic","o","a","Initial",3030,6,"Female","s03"
"108",142,65,"Dental","Unstressed","a","e","Medial",47,6,"Female","s03"
"109",98,22,"Dental","Unstressed","a","e","Medial",47,7,"Female","s03"
"110",193,69,"Velar","Post-Tonic","e","a","Medial",631,6,"Female","s03"
"111",139,83,"Bilabial","Unstressed","a","a","Initial",15928,7,"Female","s03"
"112",135,57,"Dental","Post-Tonic","o","e","Initial",8899,7,"Female","s03"
"113",109,23,"Dental","Tonic","e","i","Medial",3914,8,"Female","s03"
"114",158,83,"Dental","Unstressed","i","o","Medial",8188,5,"Female","s03"
"115",130,34,"Bilabial","Unstressed","e","o","Initial",39796,4,"Female","s03"
"116",85,45,"Velar","Post-Tonic","a","o","Initial",1039,6,"Female","s03"
"117",131,50,"Dental","Post-Tonic","a","i","Medial",1240,6,"Female","s03"
"118",126,85,"Velar","Unstressed","i","o","Medial",1240,7,"Female","s03"
"119",144,98,"Velar","Tonic","u","a","Initial",96979,5,"Female","s03"
"120",111,52,"Velar","Unstressed","o","o","Initial",48,5,"Female","s03"
"121",163,86,"Velar","Post-Tonic","e","a","Medial",855,4,"Female","s03"
"122",131,74,"Bilabial","Tonic","a","a","Initial",7755,6,"Female","s03"
"123",144,70,"Velar","Unstressed","e","e","Initial",121,5.776202396,"Female","s03"
"124",118,22,"Dental","Unstressed","e","e","Initial",58028,6,"Female","s03"
"125",99,48,"Velar","Unstressed","u","a","Initial",17451,5,"Female","s03"
"126",144,63,"Dental","Tonic","i","a","Medial",11075,7,"Female","s03"
"127",110,36,"Velar","Unstressed","a","a","Medial",6447,6,"Female","s03"
"128",139,45,"Dental","Tonic","a","i","Medial",142,4,"Female","s03"
"129",120,0,"Bilabial","Tonic","u","o","Medial",3772,7.156585852,"Female","s03"
"130",157,95,"Velar","Unstressed","i","a","Medial",23,6,"Female","s04"
"131",180,81,"Velar","Unstressed","i","a","Medial",23,6,"Female","s04"
"132",127,77,"Dental","Post-Tonic","i","a","Medial",60,4,"Female","s04"
"133",133,84,"Dental","Post-Tonic","e","o","Medial",667,7,"Female","s04"
"134",205,106,"Dental","Post-Tonic","u","a","Medial",4814,4,"Female","s04"
"135",136,64,"Velar","Tonic","a","o","Initial",16638,5.139059104,"Female","s04"
"136",126,54,"Bilabial","Unstressed","o","o","Initial",595,5,"Female","s04"
"137",124,65,"Dental","Post-Tonic","u","a","Medial",4814,4,"Female","s04"
"138",157,79,"Velar","Unstressed","e","o","Initial",106,5,"Female","s04"
"139",127,63,"Velar","Tonic","a","o","Initial",16638,5,"Female","s04"
"140",114,64,"Bilabial","Tonic","a","o","Initial",20288,6.975331036,"Female","s04"
"141",139,81,"Velar","Unstressed","e","o","Initial",1471,7,"Female","s04"
"142",107,47,"Bilabial","Unstressed","a","a","Medial",15366,7.061882804,"Female","s04"
"143",123,28,"Velar","Tonic","o","i","Medial",2124,7,"Female","s04"
"144",131,79,"Bilabial","Unstressed","a","e","Initial",2233,7,"Female","s04"
"145",126,85,"Bilabial","Tonic","a","e","Initial",12272,5,"Female","s04"
"146",128,79,"Dental","Unstressed","i","e","Medial",1272,6,"Female","s04"
"147",114,65,"Dental","Post-Tonic","u","o","Medial",3967,6,"Female","s04"
"148",134,90,"Velar","Post-Tonic","e","o","Medial",1767,5.194522694,"Female","s04"
"149",109,64,"Bilabial","Unstressed","a","o","Initial",66900,6,"Female","s04"
"150",91,57,"Dental","Unstressed","e","e","Initial",58028,8.269405728,"Female","s04"
"151",131,92,"Velar","Post-Tonic","o","o","Medial",92205,4,"Female","s04"
"152",120,74,"Dental","Post-Tonic","u","a","Medial",4814,7,"Female","s04"
"153",125,78,"Velar","Post-Tonic","o","o","Medial",92205,6,"Female","s04"
"154",125,93,"Bilabial","Tonic","a","e","Initial",12272,2.7225216,"Female","s04"
"155",111,33,"Bilabial","Tonic","u","o","Medial",12230,8,"Female","s04"
"156",116,57,"Bilabial","Post-Tonic","i","o","Medial",56606,7,"Female","s04"
"157",179,111,"Velar","Tonic","i","i","Initial",9039,5,"Female","s04"
"158",175,69,"Dental","Post-Tonic","e","e","Medial",20483,7,"Female","s04"
"159",149,77,"Velar","Post-Tonic","o","o","Medial",92205,6,"Female","s04"
"160",104,38,"Dental","Post-Tonic","o","e","Initial",8899,8,"Female","s04"
"161",142,56,"Dental","Tonic","o","a","Initial",110679,4.946394427,"Female","s04"
"162",119,56,"Dental","Unstressed","e","u","Initial",1196,6,"Female","s04"
"163",135,84,"Velar","Tonic","o","o","Initial",59580,6,"Female","s04"
"164",128,92,"Bilabial","Tonic","a","u","Medial",147,6,"Female","s04"
"165",117,51,"Bilabial","Post-Tonic","o","a","Medial",29170,5,"Female","s04"
"166",119,72,"Bilabial","Post-Tonic","o","a","Medial",29170,7,"Female","s04"
"167",110,56,"Dental","Unstressed","a","e","Initial",13694,8,"Female","s04"
"168",108,55,"Dental","Tonic","o","a","Initial",110679,7.908386176,"Female","s04"
"169",116,75,"Dental","Unstressed","i","u","Medial",543,7,"Female","s04"
"170",132,83,"Dental","Tonic","o","i","Initial",56606,6,"Female","s04"
"171",117,83,"Bilabial","Post-Tonic","i","o","Medial",56606,7,"Female","s04"
"172",138,81,"Velar","Unstressed","i","a","Initial",17451,5,"Female","s04"
"173",162,94,"Dental","Tonic","a","u","Medial",889,6,"Female","s04"
"174",161,79,"Dental","Tonic","a","u","Medial",889,7,"Female","s04"
"175",124,75,"Velar","Post-Tonic","e","e","Initial",884,4.612861297,"Female","s05"
"176",113,56,"Velar","Unstressed","a","a","Medial",5333,7,"Female","s05"
"177",142,57,"Velar","Unstressed","e","o","Initial",106,5,"Female","s05"
"178",132,89,"Bilabial","Tonic","a","e","Initial",12272,5,"Female","s05"
"179",149,62,"Bilabial","Tonic","a","u","Initial",7512,5,"Female","s05"
"180",99,49,"Dental","Tonic","o","a","Initial",110679,6,"Female","s05"
"181",101,61,"Velar","Tonic","a","o","Initial",16638,6,"Female","s05"
"182",151,76,"Dental","Tonic","o","e","Initial",30398,5,"Female","s05"
"183",102,56,"Dental","Tonic","a","o","Initial",158168,6,"Female","s05"
"184",116,82,"Dental","Post-Tonic","u","o","Medial",3967,7,"Female","s05"
"185",158,92,"Velar","Post-Tonic","e","o","Medial",1767,5.262886821,"Female","s05"
"186",105,54,"Bilabial","Unstressed","o","i","Medial",20926,6,"Female","s05"
"187",97,64,"Velar","Post-Tonic","o","o","Medial",92205,5,"Female","s05"
"188",160,0,"Bilabial","Tonic","o","i","Medial",510,4,"Female","s05"
"189",90,43,"Velar","Post-Tonic","o","o","Medial",92205,7,"Female","s05"
"190",91,44,"Dental","Unstressed","e","i","Medial",37,6,"Female","s05"
"191",83,41,"Dental","Post-Tonic","e","a","Medial",3554,5.940555366,"Female","s05"
"192",105,60,"Velar","Post-Tonic","i","o","Medial",761,7,"Female","s05"
"193",259,190,"Velar","Unstressed","e","o","Initial",2132,3,"Female","s05"
"194",125,68,"Dental","Tonic","a","o","Medial",598,5,"Female","s05"
"195",157,91,"Dental","Post-Tonic","u","o","Medial",30011,6,"Female","s05"
"196",92,28,"Bilabial","Unstressed","o","o","Initial",4899,8,"Female","s05"
"197",116,56,"Velar","Tonic","i","a","Medial",8124,7,"Female","s05"
"198",112,29,"Dental","Post-Tonic","e","e","Medial",20483,8,"Female","s05"
"199",113,64,"Dental","Post-Tonic","e","e","Medial",20483,5,"Female","s05"
"200",107,63,"Dental","Post-Tonic","u","o","Medial",30011,5,"Female","s05"
"201",141,72,"Velar","Tonic","e","o","Initial",889,6.010703958,"Female","s05"
"202",138,71,"Dental","Unstressed","e","u","Initial",1196,6,"Female","s05"
"203",111,44,"Dental","Unstressed","e","u","Initial",1196,8,"Female","s05"
"204",149,85,"Dental","Unstressed","e","u","Initial",1196,6,"Female","s05"
"205",110,53,"Velar","Tonic","o","a","Initial",15327,7,"Female","s05"
"206",97,40,"Velar","Unstressed","u","o","Initial",5714,4,"Female","s05"
"207",100,54,"Bilabial","Unstressed","a","a","Initial",15928,6.833415559,"Female","s05"
"208",131,77,"Dental","Tonic","a","u","Medial",551,6.724121732,"Female","s05"
"209",119,54,"Bilabial","Unstressed","e","a","Initial",736,8,"Female","s05"
"210",157,48,"Bilabial","Post-Tonic","o","a","Medial",29170,7.110063751,"Female","s05"
"211",188,102,"Dental","Post-Tonic","i","o","Medial",1528,7,"Female","s05"
"212",130,56,"Dental","Unstressed","i","o","Medial",4543,5.724485865,"Female","s05"
"213",173,89,"Bilabial","Tonic","a","a","Medial",9101,3,"Female","s05"
"214",89,47,"Velar","Tonic","i","a","Medial",489,8,"Female","s05"
"215",148,78,"Bilabial","Tonic","e","o","Medial",4852,7,"Female","s05"
"216",155,67,"Bilabial","Post-Tonic","u","o","Medial",65389,6,"Female","s06"
"217",110,46,"Dental","Tonic","e","e","Initial",32413,5,"Female","s06"
"218",217,104,"Velar","Tonic","a","i","Medial",66820,6,"Female","s06"
"219",167,64,"Bilabial","Post-Tonic","i","o","Initial",595,6,"Female","s06"
"220",140,57,"Bilabial","Unstressed","e","i","Initial",3484,5,"Female","s06"
"221",102,50,"Velar","Unstressed","i","o","Medial",1182,7,"Female","s06"
"222",112,58,"Bilabial","Unstressed","a","a","Initial",24047,6,"Female","s06"
"223",106,21,"Dental","Unstressed","e","e","Initial",1046,6,"Female","s06"
"224",104,61,"Dental","Unstressed","e","e","Initial",58028,8,"Female","s06"
"225",116,56,"Velar","Unstressed","i","o","Initial",3935,4,"Female","s06"
"226",123,69,"Dental","Post-Tonic","i","o","Medial",430,4,"Female","s06"
"227",92,52,"Dental","Unstressed","o","o","Medial",7397,6,"Female","s06"
"228",138,58,"Bilabial","Post-Tonic","a","o","Initial",595,7,"Female","s06"
"229",124,62,"Dental","Post-Tonic","u","a","Medial",4814,6,"Female","s06"
"230",149,78,"Dental","Tonic","e","e","Initial",32413,5,"Female","s06"
"231",134,36,"Bilabial","Unstressed","u","e","Medial",573,4,"Female","s06"
"232",160,83,"Dental","Post-Tonic","u","a","Medial",4814,4.028554788,"Female","s06"
"233",169,85,"Velar","Tonic","a","a","Initial",85063,4.402217678,"Female","s06"
"234",131,47,"Dental","Tonic","e","e","Initial",32413,7.783656223,"Female","s06"
"235",168,95,"Dental","Tonic","a","e","Medial",1772,6,"Female","s06"
"236",193,91,"Bilabial","Tonic","a","e","Initial",12272,6.573507452,"Female","s06"
"237",188,81,"Bilabial","Tonic","a","e","Initial",12272,5,"Female","s06"
"238",200,96,"Velar","Tonic","a","i","Medial",66820,4,"Female","s06"
"239",150,85,"Bilabial","Tonic","o","i","Medial",510,4.473969692,"Female","s06"
"240",148,69,"Velar","Unstressed","a","o","Initial",10716,7,"Female","s06"
"241",153,87,"Bilabial","Tonic","e","o","Initial",639,6,"Female","s06"
"242",149,81,"Bilabial","Post-Tonic","a","u","Initial",1344,7,"Female","s06"
"243",107,46,"Dental","Post-Tonic","i","o","Medial",126,8.06351877,"Female","s06"
"244",137,85,"Dental","Post-Tonic","u","o","Medial",30011,3,"Female","s06"
"245",117,0,"Bilabial","Unstressed","a","a","Initial",37278,7.073181806,"Female","s06"
"246",126,54,"Dental","Post-Tonic","i","o","Medial",14,3,"Female","s06"
"247",133,57,"Velar","Post-Tonic","o","a","Initial",152,5,"Female","s06"
"248",105,63,"Velar","Post-Tonic","e","a","Medial",1465,6,"Female","s06"
"249",131,65,"Bilabial","Tonic","a","a","Medial",9101,4,"Female","s06"
"250",152,89,"Velar","Unstressed","i","a","Medial",4375,5,"Female","s06"
"251",131,54,"Bilabial","Post-Tonic","o","a","Medial",29170,5,"Female","s06"
"252",129,44,"Velar","Tonic","i","a","Medial",8124,7,"Female","s06"
"253",90,29,"Dental","Unstressed","e","e","Initial",8899,8,"Female","s06"
"254",107,48,"Bilabial","Unstressed","i","a","Medial",300,6,"Female","s06"
"255",154,73,"Dental","Post-Tonic","o","a","Medial",5170,5,"Female","s06"
"256",159,76,"Velar","Post-Tonic","e","u","Initial",269,5,"Female","s06"
"257",106,0,"Bilabial","Tonic","e","i","Initial",137,7,"Female","s07"
"258",147,60,"Dental","Post-Tonic","u","a","Medial",4814,5,"Female","s07"
"259",141,70,"Bilabial","Post-Tonic","a","a","Medial",3899,5.823084952,"Female","s07"
"260",177,49,"Dental","Post-Tonic","u","a","Medial",4814,4.463958769,"Female","s07"
"261",96,53,"Velar","Tonic","a","a","Medial",2257,7,"Female","s07"
"262",112,85,"Velar","Unstressed","u","o","Initial",1262,7,"Female","s07"
"263",90,43,"Dental","Post-Tonic","o","e","Initial",24716,8,"Female","s07"
"264",104,50,"Dental","Unstressed","o","e","Initial",24716,9,"Female","s07"
"265",95,63,"Velar","Post-Tonic","o","o","Medial",92205,8,"Female","s07"
"266",104,56,"Velar","Unstressed","e","o","Initial",2975,7,"Female","s07"
"267",94,51,"Velar","Unstressed","a","e","Initial",7117,7,"Female","s07"
"268",139,63,"Velar","Tonic","i","a","Initial",2792,6.536628366,"Female","s07"
"269",115,28,"Bilabial","Unstressed","a","u","Medial",23,7,"Female","s07"
"270",131,69,"Bilabial","Unstressed","a","e","Initial",84,4.349119452,"Female","s07"
"271",99,57,"Velar","Unstressed","e","o","Medial",914,8,"Female","s07"
"272",112,65,"Velar","Post-Tonic","o","o","Medial",92205,5.348441111,"Female","s07"
"273",147,81,"Dental","Post-Tonic","u","a","Medial",4814,5,"Female","s07"
"274",110,63,"Dental","Post-Tonic","u","a","Medial",4814,6,"Female","s07"
"275",141,57,"Bilabial","Tonic","o","i","Medial",2195,5,"Female","s07"
"276",110,65,"Dental","Unstressed","i","a","Medial",452,8,"Female","s07"
"277",105,68,"Dental","Tonic","a","a","Initial",48963,6.589952032,"Female","s07"
"278",141,58,"Velar","Post-Tonic","o","o","Medial",92205,8.215572403,"Female","s07"
"279",71,0,"Dental","Post-Tonic","u","o","Medial",30011,9,"Female","s07"
"280",87,18,"Velar","Post-Tonic","o","o","Medial",92205,8,"Female","s07"
"281",124,67,"Velar","Tonic","i","a","Medial",2993,6,"Female","s07"
"282",136,78,"Dental","Unstressed","o","a","Initial",451,6,"Female","s07"
"283",104,55,"Dental","Tonic","a","i","Initial",431,4.52577098,"Female","s07"
"284",168,99,"Dental","Tonic","i","a","Medial",11075,5,"Female","s07"
"285",113,47,"Bilabial","Unstressed","a","a","Initial",15928,6,"Female","s07"
"286",78,0,"Dental","Post-Tonic","i","o","Medial",126,8,"Female","s07"
"287",159,82,"Velar","Post-Tonic","e","a","Medial",1465,6,"Female","s07"
"288",164,77,"Dental","Tonic","i","a","Medial",118,5,"Female","s07"
"289",103,66,"Bilabial","Tonic","a","a","Initial",7755,7,"Female","s07"
"290",218,77,"Bilabial","Post-Tonic","i","o","Initial",876,6.193338777,"Female","s07"
"291",104,49,"Bilabial","Post-Tonic","i","o","Medial",56606,7,"Female","s07"
"292",134,71,"Bilabial","Post-Tonic","o","o","Initial",66900,7,"Female","s07"
"293",184,97,"Bilabial","Tonic","e","o","Medial",4852,5,"Female","s07"
"294",110,56,"Dental","Unstressed","i","u","Medial",543,6,"Female","s07"
"295",129,88,"Bilabial","Unstressed","i","a","Medial",300,8,"Female","s07"
"296",124,83,"Velar","Tonic","o","u","Medial",3376,7,"Female","s07"
"297",130,67,"Dental","Unstressed","i","o","Medial",8188,5.619739196,"Female","s07"
"298",127,67,"Velar","Tonic","a","i","Medial",66820,7,"Female","s07"
"299",118,58,"Bilabial","Unstressed","o","e","Initial",3620,7.584292232,"Female","s07"
"300",104,18,"Velar","Unstressed","a","u","Medial",5936,5,"Female","s07"
"301",92,63,"Dental","Tonic","i","u","Medial",4197,6,"Female","s07"
"302",136,68,"Velar","Tonic","o","i","Medial",2124,8,"Female","s08"
"303",119,76,"Dental","Post-Tonic","i","o","Medial",2124,7.843816534,"Female","s08"
"304",141,84,"Bilabial","Post-Tonic","a","a","Medial",3899,6,"Female","s08"
"305",120,71,"Bilabial","Tonic","a","e","Initial",12272,3.982557032,"Female","s08"
"306",163,83,"Velar","Post-Tonic","e","a","Medial",522,6,"Female","s08"
"307",118,58,"Velar","Post-Tonic","o","o","Medial",92205,5,"Female","s08"
"308",108,58,"Bilabial","Tonic","e","a","Initial",23502,7.908386176,"Female","s08"
"309",122,59,"Dental","Tonic","e","e","Medial",8430,8,"Female","s08"
"310",118,69,"Bilabial","Unstressed","o","e","Initial",2233,8,"Female","s08"
"311",136,35,"Dental","Unstressed","a","u","Medial",10287,5,"Female","s08"
"312",154,69,"Velar","Unstressed","o","a","Medial",1,6,"Female","s08"
"313",119,54,"Velar","Post-Tonic","o","o","Medial",92205,6,"Female","s08"
"314",136,69,"Velar","Unstressed","a","o","Initial",106,5,"Female","s08"
"315",127,0,"Velar","Tonic","o","i","Medial",2124,6.682808471,"Female","s08"
"316",160,77,"Bilabial","Tonic","o","i","Medial",510,8,"Female","s08"
"317",125,46,"Bilabial","Tonic","o","i","Medial",510,5.720408406,"Female","s08"
"318",132,74,"Dental","Post-Tonic","u","o","Medial",3967,7,"Female","s08"
"319",255,110,"Velar","Tonic","a","i","Medial",66820,3,"Female","s08"
"320",134,67,"Bilabial","Tonic","a","e","Initial",12272,5.291099166,"Female","s08"
"321",129,64,"Dental","Tonic","i","a","Medial",98,5,"Female","s08"
"322",119,0,"Bilabial","Post-Tonic","i","i","Medial",2184,5,"Female","s08"
"323",130,73,"Dental","Tonic","e","a","Initial",110679,5,"Female","s08"
"324",113,28,"Bilabial","Post-Tonic","a","a","Medial",3899,6,"Female","s08"
"325",121,85,"Dental","Tonic","e","i","Initial",56606,4,"Female","s08"
"326",127,54,"Bilabial","Post-Tonic","i","o","Medial",56606,4,"Female","s08"
"327",166,92,"Dental","Tonic","a","o","Medial",3437,5,"Female","s08"
"328",172,96,"Dental","Post-Tonic","u","o","Medial",30011,3.413302529,"Female","s08"
"329",176,97,"Dental","Post-Tonic","u","o","Medial",30011,7.250038782,"Female","s08"
"330",148,76,"Dental","Unstressed","e","u","Initial",1196,6,"Female","s08"
"331",184,85,"Dental","Post-Tonic","u","o","Medial",30011,5.310076043,"Female","s08"
"332",133,71,"Dental","Post-Tonic","u","o","Medial",30011,5.291099166,"Female","s08"
"333",119,66,"Dental","Unstressed","e","u","Initial",1196,6,"Female","s08"
"334",119,61,"Dental","Unstressed","e","u","Initial",1196,4,"Female","s08"
"335",128,71,"Dental","Unstressed","e","u","Initial",1196,8,"Female","s08"
"336",149,81,"Velar","Post-Tonic","e","a","Medial",1465,5,"Female","s08"
"337",150,74,"Bilabial","Unstressed","e","a","Initial",15928,5,"Female","s08"
"338",168,90,"Bilabial","Unstressed","e","o","Initial",39796,5,"Female","s08"
"339",139,73,"Bilabial","Post-Tonic","o","a","Medial",29170,5,"Female","s08"
"340",165,91,"Velar","Unstressed","i","a","Medial",24844,7,"Female","s08"
"341",149,71,"Velar","Post-Tonic","e","a","Medial",1465,6,"Female","s08"
"342",146,77,"Velar","Tonic","i","a","Medial",2116,7,"Female","s08"
"343",126,61,"Bilabial","Unstressed","e","o","Initial",39796,6,"Female","s08"
"344",109,55,"Velar","Post-Tonic","o","o","Medial",92205,6,"Female","s09"
"345",107,63,"Bilabial","Unstressed","a","i","Medial",29220,5,"Female","s09"
"346",125,73,"Velar","Unstressed","i","e","Initial",18827,6,"Female","s09"
"347",203,67,"Velar","Tonic","a","a","Medial",2246,5,"Female","s09"
"348",149,78,"Velar","Unstressed","e","o","Initial",21681,5,"Female","s09"
"349",132,58,"Dental","Tonic","e","o","Initial",158168,5,"Female","s09"
"350",143,76,"Dental","Unstressed","o","e","Initial",1222,5,"Female","s09"
"351",120,57,"Bilabial","Post-Tonic","i","i","Medial",2184,6,"Female","s09"
"352",113,65,"Velar","Unstressed","i","o","Medial",2184,6,"Female","s09"
"353",155,94,"Dental","Post-Tonic","a","o","Medial",3679,3,"Female","s09"
"354",153,54,"Velar","Post-Tonic","a","a","Medial",3560,5,"Female","s09"
"355",197,85,"Velar","Tonic","a","a","Initial",14904,4,"Female","s09"
"356",122,61,"Velar","Post-Tonic","i","o","Medial",9721,4,"Female","s09"
"357",94,59,"Bilabial","Post-Tonic","i","a","Initial",6329,8,"Female","s09"
"358",118,63,"Dental","Tonic","o","e","Medial",522,7,"Female","s09"
"359",72,0,"Velar","Post-Tonic","e","a","Medial",522,8,"Female","s09"
"360",128,63,"Velar","Tonic","a","a","Medial",1062,5.780561457,"Female","s09"
"361",155,113,"Dental","Unstressed","e","e","Initial",24716,6,"Female","s09"
"362",72,0,"Dental","Post-Tonic","u","a","Medial",4814,4.687968901,"Female","s09"
"363",93,52,"Dental","Post-Tonic","i","e","Initial",4423,5,"Female","s09"
"364",117,59,"Dental","Tonic","e","a","Initial",1059,7,"Female","s09"
"365",134,58,"Velar","Post-Tonic","o","o","Medial",92205,3,"Female","s09"
"366",139,71,"Dental","Tonic","e","a","Initial",1059,7,"Female","s09"
"367",112,66,"Bilabial","Unstressed","o","o","Initial",39796,6,"Female","s09"
"368",112,79,"Bilabial","Unstressed","e","e","Medial",3914,5.897307333,"Female","s09"
"369",105,33,"Bilabial","Unstressed","a","a","Initial",37278,6.456294091,"Female","s09"
"370",126,57,"Bilabial","Post-Tonic","o","a","Medial",29170,7.145073357,"Female","s09"
"371",129,58,"Velar","Unstressed","a","o","Initial",22433,8,"Female","s09"
"372",150,65,"Velar","Unstressed","i","a","Medial",657,7,"Female","s09"
"373",141,92,"Bilabial","Tonic","o","e","Medial",16842,2,"Female","s09"
"374",127,77,"Bilabial","Tonic","a","a","Initial",7755,6,"Female","s09"
"375",112,75,"Bilabial","Tonic","a","a","Initial",7755,6,"Female","s09"
"376",207,90,"Dental","Tonic","i","u","Medial",4197,7,"Female","s09"
"377",117,47,"Bilabial","Unstressed","o","o","Medial",2218,7.438472618,"Female","s09"
"378",98,46,"Dental","Unstressed","a","e","Initial",8899,7,"Female","s09"
"379",114,71,"Bilabial","Tonic","a","a","Initial",7755,5,"Female","s09"
"380",159,112,"Velar","Tonic","a","i","Medial",66820,4.040523433,"Female","s09"
"381",121,55,"Dental","Unstressed","i","o","Medial",4543,6,"Female","s09"
"382",117,61,"Dental","Post-Tonic","a","i","Medial",1240,7,"Female","s09"
"383",97,51,"Dental","Post-Tonic","a","i","Medial",1874,9,"Female","s09"
"384",126,38,"Velar","Unstressed","u","o","Initial",2803,6.637595053,"Female","s09"
"385",168,82,"Velar","Unstressed","o","o","Initial",106,4,"Male","s10"
"386",214,67,"Bilabial","Unstressed","i","u","Initial",1344,4,"Male","s10"
"387",108,57,"Dental","Tonic","o","e","Initial",32413,6,"Male","s10"
"388",150,34,"Velar","Tonic","a","o","Initial",36267,7,"Male","s10"
"389",110,60,"Velar","Unstressed","a","o","Initial",106,5,"Male","s10"
"390",124,0,"Velar","Tonic","a","i","Medial",66820,8,"Male","s10"
"391",199,105,"Bilabial","Tonic","a","a","Initial",7755,3,"Male","s10"
"392",158,85,"Dental","Post-Tonic","u","a","Medial",4814,5.709378699,"Male","s10"
"393",153,89,"Velar","Unstressed","e","o","Initial",106,4,"Male","s10"
"394",164,74,"Dental","Tonic","o","i","Medial",1,4.046880641,"Male","s10"
"395",165,88,"Bilabial","Post-Tonic","a","o","Initial",595,5,"Male","s10"
"396",138,73,"Dental","Unstressed","a","u","Medial",10287,6,"Male","s10"
"397",154,93,"Velar","Post-Tonic","e","o","Medial",1767,5.291099166,"Male","s10"
"398",169,108,"Bilabial","Tonic","a","u","Medial",3,6,"Male","s10"
"399",167,76,"Bilabial","Tonic","a","u","Medial",3,5,"Male","s10"
"400",151,95,"Bilabial","Unstressed","e","e","Initial",2160,5,"Male","s10"
"401",121,35,"Velar","Post-Tonic","e","e","Initial",663,5.093622678,"Male","s10"
"402",96,0,"Velar","Tonic","o","i","Medial",2124,6.235070296,"Male","s10"
"403",116,56,"Dental","Unstressed","a","e","Initial",58028,6,"Male","s10"
"404",130,0,"Bilabial","Post-Tonic","i","o","Initial",595,5.569768437,"Male","s10"
"405",141,0,"Bilabial","Tonic","e","o","Initial",734,4.033185524,"Male","s10"
"406",154,90,"Velar","Unstressed","e","e","Initial",18827,5,"Male","s10"
"407",133,71,"Dental","Tonic","a","o","Medial",598,6,"Male","s10"
"408",132,45,"Velar","Tonic","o","a","Medial",348,6.286820908,"Male","s10"
"409",103,58,"Dental","Post-Tonic","i","o","Medial",126,7,"Male","s10"
"410",83,0,"Velar","Post-Tonic","o","o","Medial",92205,7,"Male","s10"
"411",130,53,"Bilabial","Tonic","o","a","Initial",3030,5.189104148,"Male","s10"
"412",193,116,"Dental","Post-Tonic","e","e","Medial",20483,3,"Male","s10"
"413",219,88,"Dental","Post-Tonic","u","o","Medial",6650,5.323859369,"Male","s10"
"414",145,20,"Bilabial","Post-Tonic","o","o","Initial",21958,7,"Male","s10"
"415",189,61,"Dental","Tonic","a","o","Medial",598,4.600566123,"Male","s10"
"416",68,0,"Velar","Post-Tonic","o","o","Medial",92205,7,"Male","s10"
"417",179,102,"Velar","Unstressed","i","e","Initial",18827,6,"Male","s10"
"418",124,61,"Velar","Post-Tonic","e","a","Medial",1465,3.989711709,"Male","s10"
"419",166,61,"Dental","Unstressed","a","e","Initial",58028,5.281661508,"Male","s10"
"420",141,52,"Dental","Unstressed","o","a","Medial",1523,7,"Male","s10"
"421",129,77,"Velar","Tonic","e","u","Initial",276,5,"Male","s10"
"422",138,74,"Dental","Tonic","a","u","Medial",889,4,"Male","s10"
"423",179,57,"Bilabial","Unstressed","e","o","Initial",39796,6.288032259,"Male","s10"
"424",101,0,"Bilabial","Unstressed","e","a","Initial",21152,4.306947117,"Male","s10"
"425",153,61,"Velar","Tonic","e","o","Initial",4507,6,"Male","s11"
"426",203,81,"Velar","Post-Tonic","o","o","Medial",92205,4,"Male","s11"
"427",154,71,"Dental","Unstressed","i","i","Medial",1317,6.203719192,"Male","s11"
"428",61,0,"Velar","Post-Tonic","o","o","Medial",92205,6,"Male","s11"
"429",139,49,"Dental","Post-Tonic","u","a","Medial",4814,6,"Male","s11"
"430",138,69,"Dental","Tonic","a","e","Medial",1772,7,"Male","s11"
"431",196,82,"Dental","Tonic","o","e","Medial",12445,5,"Male","s11"
"432",176,25,"Velar","Tonic","o","a","Initial",124558,6,"Male","s11"
"433",113,0,"Velar","Post-Tonic","o","o","Medial",92205,5,"Male","s11"
"434",124,50,"Velar","Unstressed","e","o","Initial",106,6,"Male","s11"
"435",86,23,"Velar","Post-Tonic","u","a","Initial",29220,6,"Male","s11"
"436",100,0,"Bilabial","Unstressed","a","i","Medial",29220,6,"Male","s11"
"437",133,72,"Velar","Post-Tonic","o","o","Medial",92205,8,"Male","s11"
"438",127,57,"Dental","Post-Tonic","u","a","Medial",4814,7,"Male","s11"
"439",160,0,"Bilabial","Tonic","o","i","Medial",510,5.869253265,"Male","s11"
"440",145,52,"Dental","Unstressed","i","e","Medial",1272,5,"Male","s11"
"441",134,43,"Dental","Unstressed","i","a","Medial",3793,6,"Male","s11"
"442",87,0,"Velar","Unstressed","o","o","Initial",98,3.291875284,"Male","s11"
"443",106,0,"Velar","Unstressed","a","o","Initial",106,4.778756997,"Male","s11"
"444",191,20,"Velar","Post-Tonic","o","o","Medial",92205,5,"Male","s11"
"445",170,0,"Bilabial","Tonic","a","a","Medial",9101,6,"Male","s11"
"446",149,62,"Dental","Post-Tonic","i","o","Medial",3136,6,"Male","s11"
"447",135,45,"Dental","Tonic","i","a","Medial",5255,4.636584775,"Male","s11"
"448",112,17,"Dental","Post-Tonic","e","e","Medial",20483,4,"Male","s11"
"449",132,55,"Bilabial","Post-Tonic","i","o","Medial",56606,5,"Male","s11"
"450",177,80,"Bilabial","Tonic","e","a","Initial",3030,5,"Male","s11"
"451",215,62,"Bilabial","Tonic","i","a","Initial",3030,4,"Male","s11"
"452",133,62,"Velar","Tonic","o","a","Medial",348,3.908014021,"Male","s11"
"453",110,0,"Bilabial","Unstressed","a","i","Medial",29,6.05157691,"Male","s11"
"454",123,0,"Dental","Unstressed","i","u","Medial",29,5.331696591,"Male","s11"
"455",164,71,"Bilabial","Post-Tonic","i","e","Initial",3620,4.968276256,"Male","s11"
"456",71,0,"Velar","Unstressed","e","o","Initial",2132,6,"Male","s11"
"457",116,39,"Dental","Post-Tonic","o","e","Initial",1398,7,"Male","s11"
"458",126,0,"Bilabial","Post-Tonic","i","o","Medial",56606,6.352786505,"Male","s11"
"459",99,0,"Velar","Tonic","a","a","Initial",25125,8.674037416,"Male","s11"
"460",163,71,"Velar","Tonic","a","i","Medial",66820,5.938378292,"Male","s11"
"461",150,57,"Dental","Tonic","i","u","Medial",4197,9.108502412,"Male","s11"
"462",117,30,"Bilabial","Unstressed","i","a","Medial",300,6,"Male","s11"
"463",142,32,"Bilabial","Tonic","o","u","Initial",42201,5,"Male","s11"
"464",149,33,"Bilabial","Post-Tonic","o","a","Medial",29170,6,"Male","s11"
"465",107,0,"Bilabial","Unstressed","a","o","Initial",26610,4.966000211,"Male","s11"
"466",172,55,"Dental","Unstressed","i","o","Medial",4543,5.543982935,"Male","s11"
"467",109,0,"Bilabial","Unstressed","o","o","Medial",911,5,"Male","s11"
"468",149,49,"Dental","Tonic","a","u","Medial",889,6,"Male","s11"
"469",129,54,"Dental","Post-Tonic","i","e","Medial",941,6,"Male","s11"
"470",179,61,"Bilabial","Unstressed","e","o","Initial",876,6,"Male","s12"
"471",146,95,"Velar","Unstressed","e","o","Medial",584,7,"Male","s12"
"472",159,87,"Velar","Tonic","i","a","Medial",48,4,"Male","s12"
"473",119,66,"Velar","Post-Tonic","u","a","Initial",29220,7,"Male","s12"
"474",161,95,"Dental","Tonic","i","a","Medial",29220,5.170980593,"Male","s12"
"475",157,75,"Dental","Unstressed","i","i","Medial",1317,6,"Male","s12"
"476",155,77,"Velar","Unstressed","a","o","Initial",106,6.987701943,"Male","s12"
"477",154,74,"Dental","Tonic","i","a","Medial",29220,5.777637309,"Male","s12"
"478",119,0,"Bilabial","Tonic","i","a","Medial",8796,6,"Male","s12"
"479",116,62,"Velar","Post-Tonic","u","a","Initial",29220,5,"Male","s12"
"480",140,85,"Bilabial","Unstressed","a","i","Medial",29220,6,"Male","s12"
"481",120,57,"Velar","Tonic","o","o","Initial",59580,5,"Male","s12"
"482",192,76,"Velar","Unstressed","a","a","Medial",95,4,"Male","s12"
"483",176,65,"Velar","Tonic","a","i","Medial",66820,4,"Male","s12"
"484",168,68,"Velar","Tonic","a","i","Medial",66820,5,"Male","s12"
"485",169,82,"Dental","Post-Tonic","e","o","Medial",667,4,"Male","s12"
"486",194,90,"Velar","Post-Tonic","o","o","Medial",92205,4,"Male","s12"
"487",125,45,"Bilabial","Tonic","i","a","Medial",8796,6,"Male","s12"
"488",116,21,"Bilabial","Unstressed","a","i","Medial",29220,5.954227798,"Male","s12"
"489",111,48,"Velar","Post-Tonic","i","e","Initial",865,7,"Male","s12"
"490",123,45,"Dental","Post-Tonic","i","e","Medial",3098,6,"Male","s12"
"491",141,70,"Bilabial","Tonic","i","a","Medial",8796,2.748692488,"Male","s12"
"492",100,50,"Dental","Unstressed","e","e","Initial",8899,5.715189537,"Male","s12"
"493",139,60,"Dental","Tonic","e","e","Initial",32413,5,"Male","s12"
"494",173,65,"Velar","Unstressed","i","e","Initial",18827,4.906407433,"Male","s12"
"495",175,24,"Dental","Tonic","o","a","Initial",48963,6,"Male","s12"
"496",111,5,"Velar","Post-Tonic","o","o","Medial",92205,5,"Male","s12"
"497",111,0,"Velar","Post-Tonic","i","a","Medial",12,7,"Male","s12"
"498",161,85,"Velar","Unstressed","a","a","Medial",1899,5,"Male","s12"
"499",101,39,"Dental","Unstressed","u","i","Initial",543,8,"Male","s12"
"500",113,45,"Dental","Unstressed","i","u","Medial",543,7,"Male","s12"
"501",153,66,"Dental","Post-Tonic","e","o","Medial",6434,4,"Male","s12"
"502",202,58,"Bilabial","Post-Tonic","i","o","Medial",56606,6,"Male","s12"
"503",164,86,"Dental","Tonic","a","i","Medial",142,5,"Male","s12"
"504",107,58,"Velar","Tonic","e","e","Initial",23599,4.582442956,"Male","s12"
"505",166,86,"Bilabial","Unstressed","i","e","Initial",3547,5,"Male","s12"
"506",189,81,"Dental","Post-Tonic","e","o","Medial",7859,4,"Male","s12"
"507",152,56,"Dental","Unstressed","i","o","Medial",8188,7,"Male","s12"
"508",118,35,"Dental","Post-Tonic","a","i","Medial",1874,6,"Male","s12"
"509",113,61,"Velar","Post-Tonic","o","o","Medial",92205,6,"Male","s13"
"510",113,53,"Velar","Tonic","o","a","Medial",54,6,"Male","s13"
"511",181,77,"Dental","Tonic","a","o","Initial",158168,6,"Male","s13"
"512",107,36,"Dental","Post-Tonic","u","o","Medial",3967,7,"Male","s13"
"513",110,48,"Velar","Unstressed","o","a","Initial",12353,6,"Male","s13"
"514",90,0,"Velar","Post-Tonic","o","o","Medial",92205,8,"Male","s13"
"515",130,31,"Bilabial","Tonic","o","i","Medial",510,7.370344103,"Male","s13"
"516",106,25,"Dental","Post-Tonic","u","a","Medial",4814,7,"Male","s13"
"517",179,30,"Dental","Post-Tonic","i","i","Medial",982,4.861130889,"Male","s13"
"518",140,45,"Velar","Tonic","o","i","Initial",9039,5,"Male","s13"
"519",104,48,"Velar","Tonic","a","o","Initial",16638,8,"Male","s13"
"520",107,61,"Velar","Tonic","a","o","Initial",16638,6.259992921,"Male","s13"
"521",168,59,"Velar","Post-Tonic","e","a","Medial",522,5,"Male","s13"
"522",171,11,"Bilabial","Post-Tonic","i","e","Initial",4722,4.926936015,"Male","s13"
"523",133,0,"Bilabial","Unstressed","a","e","Initial",2233,10,"Male","s13"
"524",156,57,"Bilabial","Tonic","a","e","Initial",12272,5.916159512,"Male","s13"
"525",93,0,"Bilabial","Tonic","e","a","Initial",23502,9,"Male","s13"
"526",129,52,"Velar","Tonic","i","o","Initial",146,7,"Male","s13"
"527",89,0,"Bilabial","Tonic","o","a","Initial",1179,6,"Male","s13"
"528",138,46,"Dental","Tonic","a","o","Medial",598,6,"Male","s13"
"529",135,57,"Dental","Tonic","a","o","Medial",598,5.493181445,"Male","s13"
"530",104,8,"Velar","Unstressed","e","o","Initial",2132,6,"Male","s13"
"531",162,67,"Dental","Post-Tonic","u","o","Medial",30011,4,"Male","s13"
"532",116,11,"Bilabial","Unstressed","a","a","Initial",37278,5,"Male","s13"
"533",161,41,"Bilabial","Unstressed","e","o","Initial",39796,5,"Male","s13"
"534",111,45,"Bilabial","Tonic","e","e","Medial",8480,8.123504485,"Male","s13"
"535",127,58,"Dental","Post-Tonic","e","e","Medial",20483,6,"Male","s13"
"536",100,0,"Dental","Post-Tonic","a","o","Medial",1755,6.774544162,"Male","s13"
"537",113,47,"Velar","Post-Tonic","e","a","Medial",855,4.89215917,"Male","s13"
"538",135,46,"Dental","Unstressed","a","e","Initial",5754,7,"Male","s13"
"539",141,44,"Bilabial","Unstressed","e","a","Initial",15928,5,"Male","s13"
"540",203,44,"Bilabial","Post-Tonic","o","o","Initial",39796,4,"Male","s13"
"541",146,57,"Bilabial","Post-Tonic","o","a","Medial",29170,8,"Male","s13"
"542",89,0,"Dental","Unstressed","e","e","Initial",8899,9,"Male","s13"
"543",118,64,"Velar","Unstressed","e","o","Medial",9559,8,"Male","s13"
"544",96,15,"Velar","Post-Tonic","e","a","Medial",855,6,"Male","s13"
"545",173,45,"Dental","Tonic","a","u","Medial",889,4,"Male","s13"
"546",118,46,"Bilabial","Unstressed","a","o","Initial",26610,5,"Male","s13"
"547",147,24,"Dental","Unstressed","o","e","Initial",8899,6,"Male","s13"
"548",84,0,"Velar","Unstressed","e","o","Initial",114,7,"Male","s13"
"549",114,50,"Velar","Post-Tonic","o","o","Initial",2975,6,"Male","s14"
"550",180,81,"Velar","Post-Tonic","i","o","Initial",1262,7,"Male","s14"
"551",100,36,"Velar","Unstressed","a","o","Initial",2132,7,"Male","s14"
"552",126,47,"Bilabial","Unstressed","e","o","Initial",21958,8,"Male","s14"
"553",130,70,"Bilabial","Unstressed","a","u","Medial",997,6,"Male","s14"
"554",151,84,"Velar","Post-Tonic","o","o","Medial",92205,5.02447848,"Male","s14"
"555",106,64,"Bilabial","Tonic","a","i","Initial",1629,5,"Male","s14"
"556",122,49,"Velar","Post-Tonic","e","a","Medial",522,6.821076829,"Male","s14"
"557",169,43,"Velar","Post-Tonic","o","o","Medial",92205,6,"Male","s14"
"558",128,46,"Velar","Tonic","a","o","Initial",36267,7.203009207,"Male","s14"
"559",119,53,"Velar","Tonic","a","i","Medial",66820,4.889223572,"Male","s14"
"560",134,51,"Bilabial","Tonic","e","i","Initial",153,5.519182694,"Male","s14"
"561",114,56,"Bilabial","Tonic","u","e","Medial",933,5.586967262,"Male","s14"
"562",130,66,"Bilabial","Post-Tonic","a","i","Medial",8109,7,"Male","s14"
"563",84,36,"Dental","Unstressed","a","a","Initial",1790,7,"Male","s14"
"564",118,17,"Bilabial","Post-Tonic","i","o","Medial",56606,5,"Male","s14"
"565",120,58,"Bilabial","Post-Tonic","a","i","Medial",8109,7.456961365,"Male","s14"
"566",138,69,"Velar","Unstressed","e","o","Initial",10716,7,"Male","s14"
"567",107,56,"Dental","Unstressed","o","o","Initial",32539,7,"Male","s14"
"568",139,44,"Dental","Tonic","o","a","Medial",32539,5,"Male","s14"
"569",125,50,"Velar","Tonic","a","o","Initial",36267,5,"Male","s14"
"570",123,53,"Dental","Unstressed","a","a","Initial",1790,7,"Male","s14"
"571",139,56,"Dental","Tonic","a","u","Medial",889,5,"Male","s14"
"572",123,73,"Bilabial","Post-Tonic","o","a","Medial",29170,6,"Male","s14"
"573",136,68,"Dental","Tonic","a","o","Medial",294,6,"Male","s14"
"574",145,75,"Velar","Tonic","a","i","Medial",66820,8,"Male","s14"
"575",144,48,"Bilabial","Post-Tonic","o","a","Medial",29170,7.149613519,"Male","s14"
"576",118,47,"Dental","Tonic","e","e","Initial",1550,7.516149471,"Male","s14"
"577",117,50,"Dental","Post-Tonic","o","e","Initial",24716,5,"Male","s14"
"578",114,57,"Dental","Post-Tonic","a","o","Medial",4673,7,"Male","s14"
"579",160,66,"Velar","Unstressed","i","o","Initial",1379,4,"Male","s14"
"580",113,30,"Dental","Tonic","a","o","Initial",1331,6,"Male","s14"
"581",113,53,"Dental","Post-Tonic","a","o","Medial",28003,6.028997579,"Male","s14"
"582",78,14,"Dental","Unstressed","a","e","Initial",58028,8,"Male","s14"
"583",118,50,"Velar","Unstressed","e","o","Medial",9559,8,"Male","s14"
"584",112,61,"Velar","Unstressed","e","o","Medial",505,8,"Male","s14"
"585",97,57,"Bilabial","Tonic","a","a","Initial",7755,7,"Male","s14"
"586",118,66,"Dental","Post-Tonic","a","o","Medial",4673,7,"Male","s14"
"587",126,73,"Bilabial","Tonic","a","a","Initial",7755,8,"Male","s14"
"588",96,46,"Bilabial","Unstressed","i","a","Medial",300,5,"Male","s14"
"589",139,47,"Bilabial","Unstressed","e","a","Initial",54554,4,"Male","s14"
"590",115,50,"Bilabial","Unstressed","e","a","Initial",54554,7,"Male","s14"
"591",99,48,"Dental","Unstressed","a","e","Initial",58028,6,"Male","s14"
"592",117,72,"Velar","Unstressed","i","a","Medial",23,2,"Male","s15"
"593",172,88,"Velar","Unstressed","a","a","Medial",60,4.047888098,"Male","s15"
"594",148,36,"Bilabial","Tonic","a","e","Initial",12272,8,"Male","s15"
"595",128,46,"Dental","Post-Tonic","u","a","Medial",991,6,"Male","s15"
"596",158,77,"Bilabial","Post-Tonic","a","a","Medial",3899,4,"Male","s15"
"597",81,0,"Velar","Post-Tonic","o","o","Medial",20288,5,"Male","s15"
"598",131,78,"Velar","Post-Tonic","e","a","Medial",522,3,"Male","s15"
"599",127,60,"Velar","Tonic","o","a","Initial",72964,5,"Male","s15"
"600",120,82,"Bilabial","Tonic","a","a","Initial",148749,7,"Male","s15"
"601",216,123,"Bilabial","Post-Tonic","a","a","Medial",3899,4,"Male","s15"
"602",154,86,"Bilabial","Tonic","a","e","Initial",12272,6,"Male","s15"
"603",177,104,"Bilabial","Tonic","u","e","Medial",2631,5.387364577,"Male","s15"
"604",93,56,"Bilabial","Tonic","u","e","Medial",2631,5,"Male","s15"
"605",120,0,"Dental","Unstressed","a","e","Initial",58028,8,"Male","s15"
"606",127,55,"Velar","Unstressed","e","a","Initial",29830,5.654862089,"Male","s15"
"607",168,0,"Bilabial","Post-Tonic","u","o","Initial",54,5,"Male","s15"
"608",121,50,"Dental","Unstressed","a","e","Medial",26298,7,"Male","s15"
"609",158,62,"Dental","Tonic","a","o","Medial",598,4.84918975,"Male","s15"
"610",134,79,"Bilabial","Unstressed","e","a","Initial",54554,5,"Male","s15"
"611",148,92,"Dental","Tonic","a","o","Medial",598,5,"Male","s15"
"612",139,66,"Bilabial","Unstressed","a","a","Initial",37278,6,"Male","s15"
"613",109,39,"Dental","Post-Tonic","e","e","Medial",20483,5,"Male","s15"
"614",130,61,"Velar","Unstressed","e","o","Initial",2132,6,"Male","s15"
"615",138,82,"Dental","Tonic","a","o","Medial",598,6,"Male","s15"
"616",185,61,"Dental","Post-Tonic","u","o","Medial",30011,3.878235445,"Male","s15"
"617",135,60,"Dental","Post-Tonic","e","e","Medial",20483,9,"Male","s15"
"618",131,0,"Velar","Tonic","o","u","Medial",13510,5.030425807,"Male","s15"
"619",116,68,"Bilabial","Unstressed","e","a","Initial",54554,7,"Male","s15"
"620",161,81,"Dental","Post-Tonic","e","e","Medial",20483,6,"Male","s15"
"621",152,94,"Dental","Tonic","e","e","Initial",32413,5,"Male","s15"
"622",156,101,"Velar","Tonic","e","e","Initial",9228,5,"Male","s15"
"623",139,71,"Dental","Unstressed","o","e","Initial",8899,3.989711709,"Male","s15"
"624",148,57,"Dental","Unstressed","i","o","Medial",4543,6,"Male","s15"
"625",182,86,"Velar","Tonic","e","e","Initial",9228,6,"Male","s15"
"626",110,43,"Dental","Unstressed","o","a","Medial",1523,7.778024484,"Male","s15"
"627",117,61,"Velar","Post-Tonic","e","a","Medial",1465,6,"Male","s15"
"628",158,112,"Bilabial","Tonic","e","o","Medial",4852,3,"Male","s15"
"629",140,60,"Bilabial","Unstressed","i","o","Initial",39796,5,"Male","s15"
"630",138,99,"Dental","Tonic","e","i","Medial",1321,4.100202173,"Male","s15"
"631",111,72,"Bilabial","Post-Tonic","i","e","Initial",2240,4,"Male","s15"
"632",112,59,"Bilabial","Tonic","a","a","Initial",7755,5,"Male","s15"
"633",162,75,"Velar","Tonic","i","a","Medial",663,6,"Male","s16"
"634",194,117,"Dental","Post-Tonic","e","e","Medial",1448,6,"Male","s16"
"635",175,41,"Bilabial","Unstressed","e","u","Initial",166,7,"Male","s16"
"636",144,71,"Bilabial","Unstressed","a","i","Medial",29220,4,"Male","s16"
"637",140,49,"Dental","Tonic","i","a","Medial",4170,7,"Male","s16"
"638",163,105,"Bilabial","Tonic","a","e","Initial",12272,5.555290186,"Male","s16"
"639",281,84,"Velar","Tonic","a","i","Medial",66820,3.413302529,"Male","s16"
"640",150,72,"Dental","Tonic","a","o","Initial",158168,5,"Male","s16"
"641",167,65,"Bilabial","Post-Tonic","i","o","Medial",56606,5,"Male","s16"
"642",123,0,"Bilabial","Post-Tonic","i","i","Medial",2184,6,"Male","s16"
"643",143,60,"Velar","Unstressed","i","o","Medial",2184,6,"Male","s16"
"644",150,60,"Dental","Post-Tonic","u","a","Medial",4814,5,"Male","s16"
"645",194,84,"Velar","Tonic","e","i","Medial",423,6.590321813,"Male","s16"
"646",149,74,"Velar","Tonic","a","o","Initial",36267,5,"Male","s16"
"647",133,56,"Bilabial","Unstressed","e","o","Initial",39796,7.498159487,"Male","s16"
"648",226,79,"Velar","Post-Tonic","u","i","Initial",11010,4,"Male","s16"
"649",106,31,"Velar","Unstressed","e","o","Medial",1,9,"Male","s16"
"650",141,77,"Dental","Post-Tonic","u","e","Initial",24716,5,"Male","s16"
"651",125,62,"Dental","Tonic","o","e","Initial",32413,6,"Male","s16"
"652",135,30,"Bilabial","Post-Tonic","i","o","Medial",56606,4.202297651,"Male","s16"
"653",142,68,"Dental","Unstressed","e","a","Initial",451,6,"Male","s16"
"654",128,57,"Dental","Post-Tonic","u","o","Medial",30011,6,"Male","s16"
"655",210,84,"Bilabial","Post-Tonic","a","i","Medial",8109,7,"Male","s16"
"656",186,89,"Dental","Tonic","a","a","Initial",48963,7.624533873,"Male","s16"
"657",124,76,"Bilabial","Unstressed","a","a","Initial",37278,6.644635503,"Male","s16"
"658",136,66,"Bilabial","Tonic","u","o","Medial",3772,6,"Male","s16"
"659",138,59,"Bilabial","Tonic","u","o","Medial",3772,5,"Male","s16"
"660",137,60,"Dental","Unstressed","u","i","Medial",3798,4.586314864,"Male","s16"
"661",146,91,"Dental","Post-Tonic","i","o","Medial",3136,5,"Male","s16"
"662",134,39,"Dental","Unstressed","i","u","Medial",543,4,"Male","s16"
"663",166,67,"Dental","Tonic","a","u","Medial",889,5,"Male","s16"
"664",114,44,"Bilabial","Post-Tonic","i","o","Medial",56606,8,"Male","s16"
"665",166,65,"Velar","Unstressed","i","u","Medial",1,6,"Male","s16"
"666",157,58,"Velar","Unstressed","i","o","Medial",3158,5,"Male","s16"
"667",141,37,"Dental","Unstressed","o","e","Initial",349,7,"Male","s16"
"668",168,76,"Bilabial","Unstressed","u","e","Initial",3997,4,"Male","s16"
"669",140,43,"Dental","Unstressed","a","i","Initial",543,7.75647089,"Male","s16"
"670",136,38,"Dental","Unstressed","i","u","Medial",543,7.771489926,"Male","s16"
"671",180,66,"Bilabial","Tonic","o","u","Initial",42201,6.223950808,"Male","s16"
"672",139,62,"Velar","Unstressed","a","o","Initial",22433,6,"Male","s16"
"673",181,95,"Bilabial","Tonic","o","e","Medial",10769,5,"Male","s16"
"674",192,83,"Velar","Post-Tonic","e","a","Medial",1465,5,"Male","s16"
"675",167,62,"Velar","Post-Tonic","e","a","Medial",1465,5,"Male","s16"
"676",157,66,"Velar","Post-Tonic","o","e","Initial",669,5,"Male","s16"
"677",171,120,"Dental","Post-Tonic","a","o","Medial",571,8,"Male","s17"
"678",135,63,"Bilabial","Post-Tonic","a","a","Medial",3899,5,"Male","s17"
"679",132,73,"Velar","Post-Tonic","e","a","Medial",522,5,"Male","s17"
"680",134,0,"Velar","Unstressed","e","o","Initial",1471,6,"Male","s17"
"681",119,65,"Velar","Unstressed","e","o","Medial",8,8.970886379,"Male","s17"
"682",131,74,"Velar","Unstressed","e","o","Initial",10716,6,"Male","s17"
"683",122,21,"Bilabial","Tonic","e","o","Initial",5575,6,"Male","s17"
"684",136,72,"Dental","Unstressed","a","i","Initial",2176,6,"Male","s17"
"685",194,122,"Dental","Post-Tonic","a","o","Medial",3679,5,"Male","s17"
"686",121,78,"Velar","Tonic","e","o","Initial",2161,7,"Male","s17"
"687",109,56,"Velar","Post-Tonic","o","o","Initial",4387,5,"Male","s17"
"688",121,52,"Dental","Tonic","o","e","Initial",32413,7,"Male","s17"
"689",129,79,"Dental","Tonic","e","e","Initial",32413,6,"Male","s17"
"690",112,65,"Velar","Post-Tonic","o","o","Medial",92205,5,"Male","s17"
"691",138,56,"Bilabial","Post-Tonic","a","i","Medial",8109,6,"Male","s17"
"692",154,89,"Bilabial","Post-Tonic","a","i","Medial",8109,6,"Male","s17"
"693",109,21,"Bilabial","Unstressed","a","u","Medial",997,5.738551644,"Male","s17"
"694",206,79,"Dental","Tonic","i","e","Medial",18,5,"Male","s17"
"695",149,81,"Bilabial","Post-Tonic","a","a","Initial",15928,5.628284555,"Male","s17"
"696",149,62,"Bilabial","Unstressed","e","a","Initial",15928,6,"Male","s17"
"697",148,66,"Bilabial","Tonic","o","u","Initial",42201,7,"Male","s17"
"698",132,31,"Bilabial","Post-Tonic","o","a","Medial",29170,4,"Male","s17"
"699",185,71,"Dental","Unstressed","i","o","Medial",4543,4,"Male","s17"
"700",191,70,"Dental","Unstressed","i","o","Medial",8188,4,"Male","s17"
"701",151,59,"Dental","Unstressed","i","o","Medial",8188,5.141261956,"Male","s17"
"702",160,68,"Bilabial","Tonic","o","e","Medial",10769,4.306947117,"Male","s17"
"703",125,70,"Dental","Post-Tonic","o","a","Medial",5170,4,"Male","s17"
"704",196,57,"Velar","Tonic","a","i","Medial",66820,4,"Male","s17"
"705",97,39,"Velar","Unstressed","e","o","Initial",13871,7,"Male","s17"
"706",119,58,"Bilabial","Unstressed","i","e","Initial",84,6.418553433,"Male","s17"
"707",139,67,"Velar","Unstressed","a","a","Medial",1899,6,"Male","s17"
"708",118,44,"Velar","Post-Tonic","o","o","Initial",4387,5.741786799,"Male","s17"
"709",109,61,"Bilabial","Tonic","a","a","Initial",7755,8.323340516,"Male","s17"
"710",151,86,"Velar","Tonic","a","i","Medial",66820,3,"Male","s17"
"711",142,81,"Dental","Tonic","a","i","Medial",142,3.797468354,"Male","s17"
"712",111,25,"Bilabial","Unstressed","e","a","Initial",15928,4,"Male","s17"
"713",131,58,"Dental","Post-Tonic","o","a","Medial",10899,4,"Male","s17"
"714",176,93,"Dental","Tonic","e","o","Initial",4579,6,"Male","s18"
"715",141,73,"Velar","Post-Tonic","o","a","Medial",4579,6,"Male","s18"
"716",136,53,"Bilabial","Unstressed","a","e","Initial",4522,4.809806206,"Male","s18"
"717",144,70,"Dental","Post-Tonic","u","a","Medial",4814,4,"Male","s18"
"718",183,88,"Dental","Tonic","a","o","Initial",158168,5,"Male","s18"
"719",121,61,"Bilabial","Tonic","i","a","Medial",8796,6,"Male","s18"
"720",137,69,"Velar","Unstressed","a","o","Initial",2887,6.32138874,"Male","s18"
"721",110,48,"Velar","Tonic","a","o","Initial",36267,7,"Male","s18"
"722",174,85,"Dental","Post-Tonic","i","o","Medial",200,4,"Male","s18"
"723",135,49,"Velar","Post-Tonic","o","o","Medial",92205,5.377580698,"Male","s18"
"724",173,81,"Dental","Tonic","a","o","Initial",158168,6,"Male","s18"
"725",150,88,"Bilabial","Unstressed","e","o","Initial",4899,8,"Male","s18"
"726",177,67,"Dental","Post-Tonic","u","a","Medial",4814,6,"Male","s18"
"727",145,56,"Dental","Post-Tonic","o","e","Initial",8899,6,"Male","s18"
"728",140,72,"Velar","Tonic","a","a","Medial",10015,7,"Male","s18"
"729",174,82,"Dental","Tonic","a","a","Initial",48963,6,"Male","s18"
"730",121,64,"Bilabial","Unstressed","a","a","Initial",37278,6,"Male","s18"
"731",179,92,"Bilabial","Tonic","a","a","Medial",9101,4,"Male","s18"
"732",149,69,"Velar","Tonic","e","a","Initial",15327,6,"Male","s18"
"733",124,43,"Velar","Post-Tonic","o","o","Medial",92205,6,"Male","s18"
"734",202,97,"Velar","Tonic","a","i","Medial",66820,6.318526483,"Male","s18"
"735",146,62,"Velar","Unstressed","a","a","Medial",1899,8,"Male","s18"
"736",164,67,"Dental","Unstressed","i","u","Medial",543,5,"Male","s18"
"737",208,95,"Dental","Unstressed","i","e","Initial",1146,4.488975798,"Male","s18"
"738",156,79,"Dental","Tonic","a","u","Medial",889,5.594258113,"Male","s18"
"739",159,39,"Bilabial","Unstressed","e","o","Initial",876,5,"Male","s18"
"740",176,60,"Bilabial","Post-Tonic","o","a","Medial",29170,7,"Male","s18"
"741",179,72,"Bilabial","Tonic","o","u","Initial",42201,8,"Male","s18"
"742",130,29,"Velar","Unstressed","i","o","Medial",42201,7,"Male","s18"
"743",112,47,"Dental","Unstressed","e","e","Initial",349,4,"Male","s18"
"744",116,60,"Dental","Unstressed","o","e","Initial",349,6.846310335,"Male","s18"
"745",148,55,"Velar","Unstressed","i","a","Medial",1899,7,"Male","s18"
"746",201,66,"Velar","Tonic","a","i","Medial",66820,5.374275135,"Male","s18"
"747",128,56,"Dental","Post-Tonic","o","e","Initial",349,6.400472355,"Male","s18"
"748",272,76,"Dental","Unstressed","i","o","Medial",8188,3,"Male","s18"
"749",237,97,"Bilabial","Tonic","o","e","Medial",10769,3,"Male","s18"
"750",148,80,"Velar","Unstressed","e","i","Medial",8,6,"Male","s18"
"751",113,58,"Bilabial","Tonic","a","a","Initial",7755,6,"Male","s18"
